
INSERT INTO `categories` (`id`, `parent_id`, `order`, `title`, `slug`, `color`, `created_at`, `updated_at`) VALUES
(2, 0, 2, 'Categores', 'Categores', 'primary', '2019-04-20 16:12:28', '2019-04-20 16:12:28'),
(3, 0, 2, 'Categores2', 'Categores2', 'warning', '2019-04-20 16:12:55', '2019-04-20 16:12:55'),
(4, 0, 5, 'Categores', 'Cause2', 'success', '2019-04-20 16:13:06', '2019-04-20 16:13:06');


INSERT INTO `causes` (`id`, `Title_en`, `Title_ar`, `Title_gr`, `slug`, `Content_en`, `Content_ar`, `Content_gr`, `category_id`, `Raised`, `Goal`, `Donors`, `image`, `created_at`, `updated_at`) VALUES
(5, 'PLAY FOR KIDS', 'العب للأطفال', 'PLAY FOR KIDS', 'PLAY-FOR-KIDS', 'The importance of play in the recovery of the hospitalised child is universally recognised. CHI has been helping to fill this role since 1970 and today CHI Play Volunteers bring fun and enjoyment to sick children in many hospitals around Ireland.', 'أهمية اللعب في تعافي الطفل في المستشفى معترف بها عالميا. يقدم متطوعو CHI Play المرح والتمتع بالأطفال المرضى في العديد من المستشفيات في جميع أنحاء أيرلندا.', 'The importance of play in the recovery of the hospitalised child is universally recognised. CHI has been helping to fill this role since 1970 and today CHI Play Volunteers bring fun and enjoyment to sick children in many hospitals around Ireland.', '2', 10000, '$10,000', 10000, 'images/dVzJSRL3OvLJQdjm4kEd.png', '2019-04-22 16:03:53', '2020-04-15 13:43:30'),
(6, 'BIG NIGHT WALK', 'العب للأطفال', 'PLAY FOR KIDS', 'BIG-NIGHT-WALK', 'The importance of play in the recovery of the hospitalised child is universally recognised. CHI has been helping to fill this role since 1970 and today CHI Play Volunteers bring fun and enjoyment to sick children in many hospitals around Ireland.', 'أهمية اللعب في تعافي الطفل في المستشفى معترف بها عالميا. يقدم متطوعو CHI Play المرح والتمتع بالأطفال المرضى في العديد من المستشفيات في جميع أنحاء أيرلندا.', 'The importance of play in the recovery of the hospitalised child is universally recognised. CHI has been helping to fill this role since 1970 and today CHI Play Volunteers bring fun and enjoyment to sick children in many hospitals around Ireland.', '2', 15332, '$15332', 18, 'images/CnQ32JExcEH6nB9QCxkX.png', '2019-04-22 16:05:27', '2020-04-15 13:43:39'),
(7, 'HEART TO HEART', 'القلب إلى القلب', 'HEART TO HEART', 'HEART-TO-HEART', 'The importance of play in the recovery of the hospitalised child is universally recognised. CHI has been helping to fill this role since 1970 and today CHI Play Volunteers bring fun and enjoyment to sick children in many hospitals around Ireland.', 'القلب إلى القلبالقلب إلى القلبالقلب إلى القلبالقلب إلى القلبالقلب إلى القلبالقلب إلى القلبالقلب إلى القلبالقلب إلى القلبالقلب إلى القلبالقلب إلى القلبالقلب إلى القلبالقلب إلى القلبالقلب إلى القلبالقلب إلى القلبالقلب إلى القلبالقلب إلى القلبالقلب إلى القلبالقلب إلى القلبالقلب إلى القلبالقلب إلى القلبالقلب إلى القلبالقلب إلى القلبالقلب إلى القلبالقلب إلى القلبالقلب إلى القلبالقلب إلى القلبالقلب إلى القلبالقلب إلى القلبالقلب إلى القلب', 'The importance of play in the recovery of the hospitalised child is universally recognised. CHI has been helping to fill this role since 1970 and today CHI Play Volunteers bring fun and enjoyment to sick children in many hospitals around Ireland.', '2', 15332, '$15332', '35', 'images/7NRcxMjok4sgdeyFPj89.png', '2019-04-22 16:06:44', '2020-04-15 13:43:47');


INSERT INTO `events` (`id`, `Title_en`, `Title_ar`, `Title_gr`, `slug`, `Content_en`, `Content_ar`, `Content_gr`, `image`, `Days`, `Hours`, `Minutes`, `Address`, `FinishTime`, `StartTime`, `created_at`, `updated_at`) VALUES
(4, 'FAMOUS QUOTES ABOUT GIVING', 'حتى الزناد مكتب يختلف رعاية صحية مجانية', 'FAMOUS QUOTES ABOUT GIVING', 'FAMOUS-QUOTES-ABOUT-GIVIN', '<!-- ================================ links Events Content Start ========================================================================= -->\r\n                <!-- ================================ links Events Content Start ========================================================================= -->\r\n                <!-- ================================ links Events Content Start ========================================================================= -->\r\n                <!-- ================================ links Events Content Start ========================================================================= -->\r\n                Every day we have plenty of opportunities to get angry, stressed or offended. But what you\'re doing when you indulge these negative emotions is giving something outside yourself power over your happiness. You can choose to not let little things upset you.\r\n links Events Content Start\r\n              <!-- ================================ links Events Content Start ========================================================================= -->\r\n              <!-- ================================ links Events Content Start ========================================================================= -->\r\n              <!-- ================================ links Events Content Start ========================================================================= -->\r\n              <!-- ================================ links Events Content Start ========================================================================= -->', 'وسوف تبدأ البطولة مع 11 مساء بداية بندقية. لاعبين تشق طريقها في جميع أنحاء بالطبع، وسوف يكون وسجل على أفضل اثنين من أصل أربعة كرات. وسيتم تقديم الغداء في الحال، مع عشاء في النادي بعد اللعب. واللاعبين لديهم العديد من الفرص للفوز بجوائز خاصة مع مسابقات حفرة المعينة.', 'Every day we have plenty of opportunities to get angry, stressed or offended. But what you\'re doing when you indulge these negative emotions is giving something outside yourself power over your happiness. You can choose to not let little things upset you.', 'images/ZZyJXefHmrBMFaRDyObr.png', '07', '07', '07', '142 Santa Monica, LA, USA', '2017', '2017', '2019-04-22 15:25:10', '2020-04-15 13:44:28'),
(5, 'FAMOUS QUOTES ABOUT', 'حتى الزناد مكتب يختلف رعاية صحية مجانية', 'CRCF GOLF EVENT', 'FAMOUS-QUOTES', '<!-- ================================ links Events Content Start ========================================================================= -->\r\n                <!-- ================================ links Events Content Start ========================================================================= -->\r\n                <!-- ================================ links Events Content Start ========================================================================= -->\r\n                Every day we have plenty of opportunities to get angry, stressed or offended. But what you\'re doing when you indulge these negative emotions is giving something outside yourself power over your happiness. You can choose to not let little things upset you.\r\nEvery day we have plenty of opportunities to get angry, stressed or offended. But what you\'re doing when you indulge these negative emotions is giving something outside yourself power over your happiness. You can choose to not let little things upset you.\r\n              <!-- ================================ links Events Content Start ========================================================================= -->\r\n              <!-- ================================ links Events Content Start ========================================================================= -->\r\n              <!-- ================================ links Events Content Start ========================================================================= -->', 'وسوف تبدأ البطولة مع 11 مساء بداية بندقية. لاعبين تشق طريقها في جميع أنحاء بالطبع، وسوف يكون وسجل على أفضل اثنين من أصل أربعة كرات. وسيتم تقديم الغداء في الحال، مع عشاء في النادي بعد اللعب. واللاعبين لديهم العديد من الفرص للفوز بجوائز خاصة مع مسابقات حفرة المعينة.', 'Every day we have plenty of opportunities to get angry, stressed or offended. But what you\'re doing when you indulge these negative emotions is giving something outside yourself power over your happiness. You can choose to not let little things upset you.', 'images/jHaKSYH3yB2kqNy2F3H9.png', '07', '07', '07', '142 Santa Monica, LA, USA', '07:30 am - 11:00 am', '07:30 am - 11:00 am', '2019-04-22 15:32:47', '2020-04-15 13:45:09'),
(6, 'CRCF GOLF EVENT', 'حتى الزناد مكتب يختلف رعاية صحية مجانية', 'CRCF GOLF EVENT', 'CRCF-GOLF-EVENT', '<!-- ================================ links Events Content Start ========================================================================= -->\r\n                <!-- ================================ links Events Content Start ========================================================================= -->\r\n                <!-- ================================ links Events Content Start ========================================================================= -->\r\n                The tournament will begin with an 11 a.m. shotgun start. As players make their way around the course, they will be scored on the best two balls out of four. Lunch will be served on the course, with dinner in the Clubhouse following play. Players will have many opportunities to win special prizes with designated hole contests.\r\n\r\nn 2015, the Foundation introduced six new categories to the Fund for the Region to address emerging needs such as the maintenance of Chautauqua Lake, physician recruitment and neighborhood revitalization to name a few.Lorem ipsum dolor sit amet, consectetur adipisici elit, sed eiusmod tempor incidunt ut labore et dolore magna aliqua. Idque Caesaris facere volun tate liceret: sese habere. Magna pars studiorum, prodita quaerimus. Magna pars studiorum, prodita quaerimus. Fabio vel iudice vincam, sunt in culpa…\r\n\r\nDonec justo ex, mollis quis interdum id, luctus id dui. Aliquam maximus finibus augue quis blandit. Nam fermentum nunc in urna facilisis, eu maximus neque ultrices. Praesent pulvinar justo ut pellentesque tincidunt. Quisque vel eros tempus, accumsan nisl ut, venenatis orci. Aenean nec ipsum consequat, accumsan est eget, dapibus augue. Morbi vitae arcu blandit, tempus nunc eu, blandit nisl. Sed tempor facilisis quam, sit amet maximus ipsum vestibulum sit amet. Etiam hendrerit felis sollicitudin libero varius, a pulvinar nisi eleifend. Proin sit amet nulla euismod, egestas elit ut, varius nibh. Cras non urna sed lorem pharetra laoreet tempor eget est. Duis semper nec diam id euismod.\r\n              <!-- ================================ links Events Content Start ========================================================================= -->\r\n              <!-- ================================ links Events Content Start ========================================================================= -->\r\n              <!-- ================================ links Events Content Start ========================================================================= -->', 'وسوف تبدأ البطولة مع 11 مساء بداية بندقية. لاعبين تشق طريقها في جميع أنحاء بالطبع، وسوف يكون وسجل على أفضل اثنين من أصل أربعة كرات. وسيتم تقديم الغداء في الحال، مع عشاء في النادي بعد اللعب. واللاعبين لديهم العديد من الفرص للفوز بجوائز خاصة مع مسابقات حفرة المعينة.\r\n\r\nن عام 2015، قدمت مؤسسة ست فئات جديدة لصندوق المنطقة لتلبية احتياجات مثل الحفاظ على بحيرة Chautauqua الطبيب التوظيف وحي تنشيط الناشئة على سبيل المثال لا few.Lorem الجزر جدا، وأسعار الطماطم adipisici، ولكن مثل هذا الوقت ذلك أن العمل والحزن، وبعض الأمور الهامة في الانخفاض. وسيسمح اقع أن نفعل ذلك مع قيصر انه لن يكون عليه. وهناك جزء كبير من دراساتنا، وتنتج تسعى إلى معرفة. وهناك جزء كبير من دراساتنا، وتنتج تسعى إلى معرفة. فابيان أو قاض للتغلب، في خطأ ...\r\n\r\nللأسف، ليكون لمجرد، لينة رجل أحيانا الهوية، luctus معرف وثيقة الهوية الوحيدة. أعظم من نهايات quis blandit aliquam augue. لالاحماء الآن في المواد المضادة للاكسدة جرة، أكبر كرة القدم أو كرة السلة. وسادة الحالية فقط للمطورين أطفال. أو الفول السوداني في كل مرة، واللاعبين تلك الطبقة والسريرية تعقيمها. Pellentesque ماسا Aenean غير المصنفة في موضع هوز الجلوس امات، accumsan بتوقيت شرق الولايات المتحدة eget، dapibus augue. كرة القدم بعد ظهر المهارات الحياتية، وموسم كرة القدم الآن الجلوس اللاعبين. لكن tempor facilisis quam، والجلوس امات دهليز الجلوس امات مهم جدا. حتى الزناد مكتب يختلف رعاية صحية مجانية، ولكن للخصم الكرة الطائرة. Proin الجلوس امات egestas ولا عقوبة euismod إيليت التحرير، فريوس] nibh. غدا غير المهنية، ولكن جعبة أبجد في Laoreet في حاجة إليها. Duis سمبر غير المصنفة في موضع بقطر معرف euismod.', 'The tournament will begin with an 11 a.m. shotgun start. As players make their way around the course, they will be scored on the best two balls out of four. Lunch will be served on the course, with dinner in the Clubhouse following play. Players will have many opportunities to win special prizes with designated hole contests.\r\n\r\nn 2015, the Foundation introduced six new categories to the Fund for the Region to address emerging needs such as the maintenance of Chautauqua Lake, physician recruitment and neighborhood revitalization to name a few.Lorem ipsum dolor sit amet, consectetur adipisici elit, sed eiusmod tempor incidunt ut labore et dolore magna aliqua. Idque Caesaris facere volun tate liceret: sese habere. Magna pars studiorum, prodita quaerimus. Magna pars studiorum, prodita quaerimus. Fabio vel iudice vincam, sunt in culpa…\r\n\r\nDonec justo ex, mollis quis interdum id, luctus id dui. Aliquam maximus finibus augue quis blandit. Nam fermentum nunc in urna facilisis, eu maximus neque ultrices. Praesent pulvinar justo ut pellentesque tincidunt. Quisque vel eros tempus, accumsan nisl ut, venenatis orci. Aenean nec ipsum consequat, accumsan est eget, dapibus augue. Morbi vitae arcu blandit, tempus nunc eu, blandit nisl. Sed tempor facilisis quam, sit amet maximus ipsum vestibulum sit amet. Etiam hendrerit felis sollicitudin libero varius, a pulvinar nisi eleifend. Proin sit amet nulla euismod, egestas elit ut, varius nibh. Cras non urna sed lorem pharetra laoreet tempor eget est. Duis semper nec diam id euismod.', 'images/MdSH2nKqRz6wWt4xBmkF.png', '07', '07', '07', '142 Santa Monica, LA, USA', '07:30 am - 11:00 am', '07:30 am - 11:00 am', '2019-04-22 16:11:19', '2020-04-15 13:45:35'),
(7, 'HOLIDAY GIFTS IN KIND2 tournament will', 'كرة القدم الآن الجلوس اللاعبين. لكن', 'HOLIDAY GIFTS IN KIND2', 'HOLIDAY-GIFTS-IN-KIND2', '<!-- ================================ links Events Content Start ========================================================================= -->\r\n                <!-- ================================ links Events Content Start ========================================================================= -->\r\n                <!-- ================================ links Events Content Start ========================================================================= -->\r\n                n 2015, the Foundation introduced six new categories to the Fund for the Region to address emerging needs such as the maintenance of Chautauqua Lake, physician recruitment and neighborhood revitalization to name a few.Lorem ipsum dolor sit amet, consectetur adipisici elit, sed eiusmod tempor incidunt ut labore et dolore magna aliqua. Idque Caesaris facere volun tate liceret: sese habere. Magna pars studiorum, prodita quaerimus. Magna pars studiorum, prodita quaerimus. Fabio vel iudice vincam, sunt in culpa…\r\n              <!-- ================================ links Events Content Start ========================================================================= -->\r\n              <!-- ================================ links Events Content Start ========================================================================= -->\r\n              <!-- ================================ links Events Content Start ========================================================================= -->', 'وسوف تبدأ البطولة مع 11 مساء بداية بندقية. لاعبين تشق طريقها في جميع أنحاء بالطبع، وسوف يكون وسجل على أفضل اثنين من أصل أربعة كرات. وسيتم تقديم الغداء في الحال، مع عشاء في النادي بعد اللعب. واللاعبين لديهم العديد من الفرص للفوز بجوائز خاصة مع مسابقات حفرة المعينة.\r\n\r\nن عام 2015، قدمت مؤسسة ست فئات جديدة لصندوق المنطقة لتلبية احتياجات مثل الحفاظ على بحيرة Chautauqua الطبيب التوظيف وحي تنشيط الناشئة على سبيل المثال لا few.Lorem الجزر جدا، وأسعار الطماطم adipisici، ولكن مثل هذا الوقت ذلك أن العمل والحزن، وبعض الأمور الهامة في الانخفاض. وسيسمح اقع أن نفعل ذلك مع قيصر انه لن يكون عليه. وهناك جزء كبير من دراساتنا، وتنتج تسعى إلى معرفة. وهناك جزء كبير من دراساتنا، وتنتج تسعى إلى معرفة. فابيان أو قاض للتغلب، في خطأ ...\r\n\r\nللأسف، ليكون لمجرد، لينة رجل أحيانا الهوية، luctus معرف وثيقة الهوية الوحيدة. أعظم من نهايات quis blandit aliquam augue. لالاحماء الآن في المواد المضادة للاكسدة جرة، أكبر كرة القدم أو كرة السلة. وسادة الحالية فقط للمطورين أطفال. أو الفول السوداني في كل مرة، واللاعبين تلك الطبقة والسريرية تعقيمها. Pellentesque ماسا Aenean غير المصنفة في موضع هوز الجلوس امات، accumsan بتوقيت شرق الولايات المتحدة eget، dapibus augue. كرة القدم بعد ظهر المهارات الحياتية، وموسم كرة القدم الآن الجلوس اللاعبين. لكن tempor facilisis quam، والجلوس امات دهليز الجلوس امات مهم جدا. حتى الزناد مكتب يختلف رعاية صحية مجانية، ولكن للخصم الكرة الطائرة. Proin الجلوس امات egestas ولا عقوبة euismod إيليت التحرير، فريوس] nibh. غدا غير المهنية، ولكن جعبة أبجد في Laoreet في حاجة إليها. Duis سمبر غير المصنفة في موضع بقطر معرف euismod.', 'n 2015, the Foundation introduced six new categories to the Fund for the Region to address emerging needs such as the maintenance of Chautauqua Lake, physician recruitment and neighborhood revitalization to name a few.Lorem ipsum dolor sit amet, consectetur adipisici elit, sed eiusmod tempor incidunt ut labore et dolore magna aliqua. Idque Caesaris facere volun tate liceret: sese habere. Magna pars studiorum, prodita quaerimus. Magna pars studiorum, prodita quaerimus. Fabio vel iudice vincam, sunt in culpa…', 'images/zJBXNbNoIqVPxTrCN2fz.png', '07', '07', '07', '142 Santa Monica, LA, USA', '07:30 am - 11:00 am', '07:30 am - 11:00 am', '2019-04-22 16:12:50', '2020-04-15 13:45:43');

INSERT INTO `galleries` (`id`, `image`, `created_at`, `updated_at`) VALUES
(26, 'images/ZZyJXefHmrBMFaRDyObr.png', '2020-04-15 13:46:19', '2020-04-15 13:46:19'),
(27, 'images/zJBXNbNoIqVPxTrCN2fz.png', '2020-04-15 13:46:31', '2020-04-15 13:46:31'),
(28, 'images/uz27Ygn1dpSPBkMwFhiu.png', '2020-04-15 13:46:35', '2020-04-15 13:46:35'),
(29, 'images/PzLCDmz0rwm7Pqp42S87.png', '2020-04-15 13:46:39', '2020-04-15 13:46:39'),
(30, 'images/8cNKo9T23lc04BT2ggZ6.png', '2020-04-15 13:46:43', '2020-04-15 13:46:43'),
(31, 'images/14NBjye1VDtBh7GYgRxz.png', '2020-04-15 13:46:47', '2020-04-15 13:46:47');

INSERT INTO `menus` (`id`, `name`, `created_at`, `updated_at`) VALUES
(1, 'main-menu', '2019-04-13 14:55:31', '2019-04-13 14:55:31'),
(2, 'main-menu-gr', '2019-04-17 14:38:56', '2019-04-17 14:38:56'),
(3, 'main-menu-ar', '2019-04-24 08:25:22', '2019-04-24 08:25:22');

INSERT INTO `menu_items` (`id`, `menu_id`, `order`, `title`, `url`, `target`, `created_at`, `updated_at`) VALUES
(1, 1, 1, 'Home', '', '_self', '2019-04-17 13:22:26', '2019-04-17 13:22:26'),
(2, 1, 2, 'about', 'about', '_self', '2019-04-21 08:32:05', '2019-04-21 08:32:05'),
(3, 1, 3, 'Causes', 'Causes', '_self', '2019-04-17 13:23:02', '2019-04-17 13:23:02'),
(4, 1, 4, 'Event', 'Events', '_self', '2019-04-17 13:23:18', '2019-04-17 13:23:18'),
(5, 1, 5, 'Posts', 'Posts', '_self', '2019-04-17 13:24:03', '2019-04-17 13:24:03'),
(8, 1, 6, 'Contact Us', 'Contact', '_self', '2019-04-17 14:40:54', '2019-04-17 14:40:54'),
(9, 2, 1, 'ZUHAUSE', '', '_self', '2019-04-24 08:26:45', '2019-04-24 08:26:45'),
(10, 2, 2, 'Über', 'about', '_self', '2019-04-24 08:27:14', '2019-04-24 08:27:14'),
(11, 2, 3, 'Ursachen', 'Causes', '_self', '2019-04-24 08:30:34', '2019-04-24 08:30:34'),
(12, 2, 4, 'Veranstaltungen', 'Events', '_self', '2019-04-24 08:31:26', '2019-04-24 08:31:26'),
(13, 2, 5, 'Beiträge', 'Posts', '_self', '2019-04-24 08:32:01', '2019-04-24 08:32:01'),
(14, 2, 6, 'Kontaktiere uns', 'Contact', '_self', '2019-04-24 08:33:37', '2019-04-24 08:33:37'),
(15, 3, 1, 'الرئيسيه', '', '_self', '2019-04-24 08:34:28', '2019-04-24 08:34:28'),
(16, 3, 2, 'معلومات عنا', 'about', '_self', '2019-04-24 10:55:49', '2019-04-24 10:55:49'),
(17, 3, 3, 'الأسباب', 'Causes', '_self', '2019-04-24 10:56:19', '2019-04-24 10:56:19'),
(18, 3, 4, 'أحداث', 'Events', '_self', '2019-04-24 10:56:41', '2019-04-24 10:56:41'),
(19, 3, 5, 'المشاركات', 'Posts', '_self', '2019-04-24 10:57:07', '2019-04-24 10:57:07'),
(21, 3, 6, 'اتصل بنا', 'Contact', '_self', '2019-04-24 10:57:54', '2019-04-24 10:57:54');


INSERT INTO `roles` (`id`, `name`, `display_name`, `created_at`, `updated_at`) VALUES
(1, 'admin', 'adminstartor', '2019-04-20 15:45:42', '2019-04-20 15:45:42'),
(2, 'User', 'Normal User', '2019-04-20 15:57:08', '2019-04-20 15:57:08');


INSERT INTO `settings` (`id`, `Language`, `SiteTitle`, `Name`, `Location`, `Googlemap`, `video`, `PhoneNumber`, `Email`, `LogoPicture`, `HomePicture`, `AboutPicture`, `MetaDescription`, `MetaKeyWords`, `Facebook`, `Twitter`, `GitHub`, `Slack`, `Dribbble`, `LinkedIn`, `Behance`, `Digg`, `Flickr`, `Vimeo`, `youtube`, `url_App`, `FaviconOne`, `FaviconTwo`, `FaviconThree`, `about_en`, `about_gr`, `about_ar`, `title_home_en`, `title_home_gr`, `title_home_ar`, `sub_title_home_en`, `sub_title_home_gr`, `sub_title_home_ar`, `title_about_en`, `title_about_gr`, `title_about_ar`, `content_about_en`, `content_about_gr`, `content_about_ar`, `content_blog_en`, `content_blog_gr`, `content_blog_ar`, `content_feature_en`, `content_feature_gr`, `content_feature_ar`, `content_feature_two_en`, `content_feature_two_gr`, `content_feature_two_ar`, `content_feature_three_en`, `content_feature_three_gr`, `content_feature_three_ar`, `created_at`, `updated_at`) VALUES
(1, 'English', 'BeCharity', 'BeCharity', '203, Envato Labs, Behind Alis Steet, Melbourne, Australia.', 'https://www.google.com/maps/embed?pb=!1m10!1m8!1m3!1d791970.1834169542!2d34.864966098177646!3d39.173284959113225!3m2!1i1024!2i768!4f13.1!5e0!3m2!1sen!2seg!4v1555966354663!5m2!1sen!2seg', 'https://www.youtube.com/watch?v=QFy8iPBYDLU', 'London : 020-1455-236-34', ' contact@BeCharity.theme', 'images/logo0.png', 'images/fV3iGScsSWpCNVRI8qK8.png', 'images/zJBXNbNoIqVPxTrCN2fz.png', 'Every day we have plenty of opportunities to get angry, stressed or offended. But what you\'re doing when you indulge these negative emotions is giving something outside yourself power over your happiness. You can choose to not let little things upset you.', 'settings', 'https://www.facebook.com/Meteorsa/', 'settings', 'settings', 'setting', 'settings', 'settings', 'settings', 'settings', 'settings', 'settings', 'settings', 'settings', 'images/favicon-32x32.png', 'images/ms-icon-70x70.png', 'images/favicon-96x96.png', 'Do you want to be even more successful? Learn to love learning and growth. The more effort you put into improving your skills, the bigger the payoff you will get. Realize that things will be hard at first, but the rewards will be worth it.', 'Möchten Sie noch erfolgreicher sein? Lernen Sie, Lernen und Wachstum zu lieben. Je mehr Aufwand Sie in die Verbesserung Ihrer Fähigkeiten investieren, desto höher ist der Gewinn, den Sie erzielen. Stellen Sie fest, dass die Dinge zunächst hart sein werden, aber die Belohnungen werden es wert sein.', 'هل تريد أن تكون أكثر نجاحا؟ تعلم أن تحب التعلم والنمو. كلما بذلت المزيد من الجهود لتحسين مهاراتك ، زادت المكاسب التي ستحصل عليها. أدرك أن الأمور ستكون صعبة في البداية ، ولكن المكافآت ستكون تستحق العناء.', 'For the people and causes you care a', 'Für die Menschen und die Gründe, die Ihnen', 'للناس ويسبب لك الرعاية', 'The long journey to end poverty begins with a child.', 'schöne Dinge in der Welt', 'أشياء جميلة في العالم', 'Offices opened in France, Norway and Sweden', 'Büros in Frankreich, Norwegen und Schweden eröffnet', 'مكاتب افتتحت في فرنسا والنرويج والسويد', 'Lorem ipsum dolor sit amet, consectetur adipisicing elit. Illum praesentium officia, fugit recusandae ipsa, quia velit nulla adipisci? Consequuntur aspernatur at, eaque hic repellendus sit dicta consequatur quae, ut harum ipsam molestias maxime non nisi reiciendis eligendi! Doloremque quia pariatur harum ea amet quibusdam quisquam.', 'Lorem ipsum dolor sit amet, consectetur adipiscing elit. Es stellt Dienstleistungen, sie für jede Outdoor-Erfahrung akzeptiert läuft? Aber lehnt Ergebnis, und das nennt man die Folgen vermieden werden, da diese nicht nur die lästige Spuck Wahl! Da es sich um eine Resultierende dieser Welt ist in einigen der Schmerz zu lieben war ein stehender Mann.', 'أبجد هوز دولور الجلوس امات، consectetur adipiscing إيليت. وهو يقدم الخدمات، وقالت انها تدير المقبولة للأي خبرة في الهواء الطلق؟ ولكن ترفض النتيجة، وهذا ما يسمى يتم تجنب العواقب، وهذه ليست فقط في الانتخابات ترفض الأكثر اضطرابا! لأنه الناتجة من هذا العالم إلى الحب في بعض من الألم كان رجلا واقفا.', 'Open fifth midst divided great fly gathering living deep no abundantly. Evening appear saying that forth god wito Given sixth days of very Third spirit waters seas. Calleded can\'t his third. Evening upon. All stars. Seasons a the a dry for third days', 'Geöffnete fünfte mitte geteilte große Fliege, die nicht reichlich lebt. Der Abend scheint zu sagen, dass Gott der Gerechte gegeben wird. Sechste Tage des Dritten Geistes bewässern die Meere. Genannt kann nicht sein Dritter. Abend danach. Alle Stars. Trockne die dritten Tage', 'فتح الخامس وسط تقسيم ذبابة كبيرة تجمع العيش في عمق لا بوفرة. يبدو المساء قائلاً إن الله تعالى يعطى أياماً سادسة من روح البحر الثالثة. دعا لا يمكن له الثالثة. المساء على. كل النجوم. مواسم جافة للأيام الثالثة', 'Multiply is rule light dominion given midst a living i set every bring also of rule Set light fifth best bearing.', 'Multiplizieren ist die Herrschaft der Lichtherrschaft, die inmitten eines Lebens gesetzt wird.', 'تتضاعف السيطرة على ضوء السيادة التي تُعطى وسط لقمة العيش أقوم بإحضار كل إحضار لها أيضًا.', 'Multiply is rule light dominion given midst a living i set every bring also of rule Set light fifth best bearing.', 'Multiplizieren ist die Herrschaft der Lichtherrschaft, die inmitten eines Lebens gesetzt wird.', 'تتضاعف السيطرة على ضوء السيادة التي تُعطى وسط لقمة العيش أقوم بإحضار كل إحضار لها أيضًا.', 'Multiply is rule light dominion given midst a living i set every bring also of rule Set light fifth best bearing.', 'Multiplizieren ist die Herrschaft der Lichtherrschaft, die inmitten eines Lebens gesetzt wird.', 'تتضاعف السيطرة على ضوء السيادة التي تُعطى وسط لقمة العيش أقوم بإحضار كل إحضار لها أيضًا.', NULL, '2020-04-15 13:50:58');

INSERT INTO `users` (`id`, `role_id`, `name`, `email`, `email_verified_at`, `avatar`, `password`, `two_factor_secret`, `two_factor_recovery_codes`, `remember_token`, `created_at`, `updated_at`) VALUES
(16, 1, 'muhanaad', 'admin@causes.com', NULL, 'images/3.jpg', '$2y$10$cv1nFARHWoE4XmTzHosufusuqgsFosgtH6lBxwjnNft3SKQhapxXm', NULL, NULL, 'ptTCYKENqHudhmAbGFtHt95U20JupG7NKSZjqdIloxSdzw1FssldQCWGrruW', '2019-10-22 18:18:52', '2020-04-15 11:44:34');
